Player,Position,Age of Player at the start of February 1st of that season.,Team,Games,Games Started,Minutes Played,Field Goals,Field Goal Attempts,Field Goal Percentage,3-Point Field Goals,3-Point Field Goal Attempts,3-Point Field Goal Percentage,2-Point Field Goals,2-point Field Goal Attempts,2-Point Field Goal Percentage,Effective Field Goal Percentage,Free Throws,Free Throw Attempts,Free Throw Percentage,Offensive Rebounds,Defensive Rebounds,Total Rebounds,Assists,Steals,Blocks,Turnovers,Personal Fouls,Points,id
Alex Abrines,SG,25,OKC,29,2,573,55,153,.359,40,124,.323,15,29,.517,.490,12,13,.923,5,42,47,20,17,6,14,51,162,abrinal01
Jaylen Adams,PG,22,ATL,8,0,27,2,6,.333,2,5,.400,0,1,.000,.500,0,0,,0,3,3,4,1,1,1,0,6,adamsja01
Steven Adams,C,25,OKC,35,35,1181,230,386,.596,0,1,.000,230,385,.597,.596,87,164,.530,169,182,351,59,50,27,52,85,547,adamsst01
Bam Adebayo,C,21,MIA,35,5,736,99,184,.538,1,5,.200,98,179,.547,.541,68,95,.716,76,167,243,68,23,29,45,94,267,adebaba01
DeVaughn Akoon-Purcell,SG,25,DEN,7,0,22,3,10,.300,0,4,.000,3,6,.500,.300,1,2,.500,1,3,4,6,2,0,2,4,7,akoonde01
LaMarcus Aldridge,C,33,SAS,38,38,1234,302,608,.497,2,14,.143,300,594,.505,.498,148,179,.827,114,229,343,85,21,44,68,80,754,aldrila01
Rawle Alkins,SG,21,CHI,2,0,4,1,4,.250,1,1,1.000,0,3,.000,.375,0,0,,3,0,3,2,1,0,0,0,3,alkinra01
Grayson Allen,SG,23,UTA,17,1,165,20,62,.323,11,41,.268,9,21,.429,.411,18,25,.720,1,4,5,7,1,0,10,18,69,allengr01
Jarrett Allen,C,20,BRK,36,36,958,159,274,.580,4,24,.167,155,250,.620,.588,96,133,.722,95,198,293,56,19,50,50,89,418,allenja01
Al-Farouq Aminu,PF,28,POR,38,38,1142,119,278,.428,53,149,.356,66,129,.512,.523,65,78,.833,53,250,303,35,36,14,32,81,356,aminual01
Justin Anderson,SG,25,ATL,18,0,154,24,54,.444,5,24,.208,19,30,.633,.491,10,11,.909,9,22,31,10,9,5,7,17,63,anderju01
Kyle Anderson,SF,25,MEM,35,32,1046,119,220,.541,8,28,.286,111,192,.578,.559,28,50,.560,37,173,210,102,49,27,43,93,274,anderky01
Ryan Anderson,PF,30,PHO,15,8,278,19,60,.317,7,34,.206,12,26,.462,.375,11,14,.786,14,31,45,17,3,1,12,23,56,anderry01
Ike Anigbogu,C,20,IND,3,0,6,0,3,.000,0,0,,0,3,.000,.000,0,0,,1,2,3,1,0,1,1,0,0,anigbik01
Giannis Antetokounmpo,PF,24,MIL,34,34,1146,335,572,.586,12,79,.152,323,493,.655,.596,212,305,.695,83,346,429,207,45,54,145,116,894,antetgi01
Carmelo Anthony,PF,34,HOU,10,2,294,49,121,.405,21,64,.328,28,57,.491,.492,15,22,.682,9,45,54,5,4,7,8,32,134,anthoca01
OG Anunoby,SF,21,TOR,33,5,685,102,230,.443,39,116,.336,63,114,.553,.528,9,28,.321,27,73,100,24,21,9,22,71,252,anunoog01
Ryan Arcidiacono,PG,24,CHI,36,23,1012,83,188,.441,50,127,.394,33,61,.541,.574,25,30,.833,10,86,96,133,40,1,32,82,241,arcidry01
Trevor Ariza,SF,33,TOT,33,33,1159,122,324,.377,69,198,.348,53,126,.421,.483,49,57,.860,21,164,185,116,55,8,56,60,362,arizatr01
Trevor Ariza,SF,33,PHO,26,26,884,86,227,.379,50,139,.360,36,88,.409,.489,36,43,.837,16,129,145,87,38,8,39,44,258,arizatr01
Trevor Ariza,SF,33,WAS,7,7,275,36,97,.371,19,59,.322,17,38,.447,.469,13,14,.929,5,35,40,29,17,0,17,16,104,arizatr01
D.J. Augustin,PG,31,ORL,35,35,983,128,278,.460,60,137,.438,68,141,.482,.568,85,94,.904,17,59,76,172,17,0,49,49,401,augusdj01
Deandre Ayton,C,20,PHO,38,37,1190,285,471,.605,0,2,.000,285,469,.608,.605,75,98,.765,121,293,414,83,28,35,69,106,645,aytonde01
Dwayne Bacon,SG,23,CHO,17,0,210,37,71,.521,10,19,.526,27,52,.519,.592,10,12,.833,2,28,30,14,3,0,8,23,94,bacondw01
Marvin Bagley,PF,19,SAC,26,0,600,125,233,.536,9,26,.346,116,207,.560,.556,71,104,.683,63,96,159,24,11,27,43,51,330,baglema01
Ron Baker,SG,25,TOT,14,0,150,4,20,.200,1,13,.077,3,7,.429,.225,5,6,.833,1,10,11,15,6,1,5,18,14,bakerro01
Ron Baker,SG,25,NYK,11,0,107,4,16,.250,1,9,.111,3,7,.429,.281,5,6,.833,1,6,7,13,5,0,3,16,14,bakerro01
Ron Baker,SG,25,WAS,3,0,43,0,4,.000,0,4,.000,0,0,,.000,0,0,,0,4,4,2,1,1,2,2,0,bakerro01
Wade Baldwin,PG,22,POR,13,0,72,8,26,.308,2,7,.286,6,19,.316,.346,8,11,.727,1,8,9,10,0,2,11,7,26,baldwwa01
Lonzo Ball,PG,21,LAL,37,35,1094,141,346,.408,55,173,.318,86,173,.497,.487,17,35,.486,38,152,190,185,54,14,80,84,354,balllo01
Mohamed Bamba,C,20,ORL,35,1,583,90,196,.459,18,62,.290,72,134,.537,.505,24,44,.545,49,122,171,35,12,46,28,80,222,bambamo01
J.J. Barea,PG,34,DAL,33,0,662,143,337,.424,35,111,.315,108,226,.478,.476,50,69,.725,10,70,80,191,21,1,64,41,371,bareajo01
Harrison Barnes,SF,26,DAL,32,32,1028,204,472,.432,86,201,.428,118,271,.435,.523,100,124,.806,26,110,136,34,26,9,46,56,594,barneha02
Will Barton,SG,28,DEN,2,2,54,12,21,.571,5,9,.556,7,12,.583,.690,4,4,1.000,0,10,10,6,1,2,3,5,33,bartowi01
Keita Bates-Diop,SF,23,MIN,2,0,18,2,8,.250,0,4,.000,2,4,.500,.250,0,0,,0,3,3,0,0,1,0,1,4,bateske01
Nicolas Batum,SF,30,CHO,36,36,1102,121,265,.457,47,119,.395,74,146,.507,.545,28,34,.824,34,151,185,123,29,15,57,66,317,batumni01
Jerryd Bayless,PG,30,MIN,5,0,52,5,20,.250,3,10,.300,2,10,.200,.325,1,1,1.000,1,3,4,9,2,0,4,5,14,bayleje01
Aron Baynes,C,32,BOS,25,9,356,47,104,.452,12,37,.324,35,67,.522,.510,31,36,.861,39,67,106,30,4,11,18,54,137,baynear01
Kent Bazemore,SG,29,ATL,35,30,959,177,401,.441,54,165,.327,123,236,.521,.509,82,109,.752,20,119,139,92,60,32,73,94,490,bazemke01
Bradley Beal,SG,25,WAS,37,37,1356,327,694,.471,86,255,.337,241,439,.549,.533,134,171,.784,36,144,180,174,45,32,95,110,874,bealbr01
Malik Beasley,SG,22,DEN,35,0,724,127,275,.462,58,143,.406,69,132,.523,.567,20,22,.909,15,77,92,42,23,3,19,49,332,beaslma01
Michael Beasley,PF,30,LAL,10,0,71,19,37,.514,1,4,.250,18,33,.545,.527,5,6,.833,3,11,14,3,2,0,7,15,44,beaslmi01
Marco Belinelli,SG,32,SAS,37,0,807,127,317,.401,66,178,.371,61,139,.439,.505,48,55,.873,8,76,84,71,20,5,30,56,368,belinma01
Jordan Bell,C,24,GSW,36,1,419,41,78,.526,0,1,.000,41,77,.532,.526,13,20,.650,26,72,98,43,14,30,19,50,95,belljo01
DeAndre' Bembry,SG,24,ATL,36,2,842,110,270,.407,27,87,.310,83,183,.454,.457,38,64,.594,21,133,154,96,46,25,58,84,285,bembrde01
Dragan Bender,PF,21,PHO,12,0,100,9,25,.360,2,14,.143,7,11,.636,.400,6,7,.857,5,13,18,7,1,1,6,8,26,bendedr01
Davis Bertans,PF,26,SAS,34,4,631,89,180,.494,65,133,.489,24,47,.511,.675,22,24,.917,15,92,107,34,14,13,19,52,265,bertada01
Patrick Beverley,PG,30,LAC,37,16,914,80,217,.369,44,126,.349,36,91,.396,.470,49,63,.778,26,110,136,124,23,11,38,131,253,beverpa01
Khem Birch,C,26,ORL,13,0,99,11,22,.500,0,1,.000,11,21,.524,.500,8,8,1.000,8,15,23,4,5,3,3,11,30,birchkh01
Bismack Biyombo,C,26,CHO,11,0,84,8,14,.571,0,0,,8,14,.571,.571,4,9,.444,6,14,20,2,1,9,4,21,20,biyombi01
Nemanja Bjelica,PF,30,SAC,37,36,918,154,307,.502,58,132,.439,96,175,.549,.596,43,56,.768,58,172,230,72,30,32,51,100,409,bjeline01
Antonio Blakeney,SG,22,CHI,29,0,450,95,227,.419,27,60,.450,68,167,.407,.478,30,44,.682,5,48,53,15,8,5,22,20,247,blakean01
Eric Bledsoe,PG,29,MIL,36,36,1070,212,427,.496,54,163,.331,158,264,.598,.560,78,104,.750,37,120,157,200,46,15,77,82,556,bledser01
Jaron Blossomgame,SF,25,CLE,14,4,269,25,59,.424,9,27,.333,16,32,.500,.500,6,7,.857,16,42,58,8,6,4,7,9,65,blossja01
Bogdan Bogdanovic,SG,26,SAC,25,4,690,142,325,.437,53,146,.363,89,179,.497,.518,56,70,.800,13,72,85,95,20,4,41,53,393,bogdabo01
Bojan Bogdanovic,SF,29,IND,37,37,1169,211,414,.510,75,164,.457,136,250,.544,.600,104,125,.832,18,126,144,59,34,0,67,60,601,bogdabo02
Jonah Bolden,PF,23,PHI,13,0,134,15,33,.455,3,18,.167,12,15,.800,.500,4,8,.500,10,26,36,4,3,9,9,20,37,boldejo01
Isaac Bonga,PG,19,LAL,5,0,17,2,7,.286,0,1,.000,2,6,.333,.286,2,3,.667,2,2,4,3,3,0,2,3,6,bongais01
Devin Booker,SG,22,PHO,28,28,1007,251,559,.449,66,204,.324,185,355,.521,.508,135,157,.860,16,94,110,200,33,6,110,96,703,bookede01
Chris Boucher,PF,26,TOR,9,0,46,10,21,.476,6,13,.462,4,8,.500,.619,6,8,.750,5,9,14,0,2,12,2,9,32,bouchch01
Avery Bradley,SG,28,LAC,31,31,914,100,256,.391,28,95,.295,72,161,.447,.445,12,15,.800,20,58,78,61,18,12,42,91,240,bradlav01
Tony Bradley,C,21,UTA,1,0,9,0,3,.000,0,0,,0,3,.000,.000,0,0,,2,1,3,0,0,0,1,1,0,bradlto01
Mikal Bridges,SF,22,PHO,38,24,992,107,253,.423,50,143,.350,57,110,.518,.522,35,42,.833,21,85,106,56,52,17,28,86,299,bridgmi01
Miles Bridges,SF,20,CHO,34,0,671,91,199,.457,29,85,.341,62,114,.544,.530,29,38,.763,19,106,125,33,20,24,21,46,240,bridgmi02
Isaiah Briscoe,PG,22,ORL,14,0,110,12,30,.400,1,3,.333,11,27,.407,.417,2,5,.400,0,8,8,11,0,0,7,10,27,briscis01
Ryan Broekhoff,SG,28,DAL,16,0,80,10,27,.370,6,22,.273,4,5,.800,.481,2,2,1.000,2,12,14,3,1,1,2,4,28,broekry01
Malcolm Brogdon,SG,26,MIL,33,33,974,194,380,.511,58,131,.443,136,249,.546,.587,56,57,.982,34,121,155,111,21,6,57,53,502,brogdma01
Dillon Brooks,SF,23,MEM,15,0,279,35,92,.380,11,30,.367,24,62,.387,.440,20,27,.741,8,19,27,14,9,4,17,39,101,brookdi01
MarShon Brooks,SG,30,MEM,29,0,387,76,169,.450,15,54,.278,61,115,.530,.494,23,33,.697,12,33,45,25,9,4,21,33,190,brookma01
Bruce Brown,SG,22,DET,28,11,523,52,132,.394,9,38,.237,43,94,.457,.428,17,25,.680,22,53,75,31,14,15,17,70,130,brownbr01
Jaylen Brown,SG,22,BOS,31,20,820,142,328,.433,33,116,.284,109,212,.514,.483,56,85,.659,33,93,126,44,24,18,43,79,373,brownja02
Lorenzo Brown,PG,28,TOR,24,0,206,22,69,.319,6,28,.214,16,41,.390,.362,2,2,1.000,5,26,31,26,11,5,16,22,52,brownlo01
Sterling Brown,SG,23,MIL,27,0,387,51,114,.447,18,54,.333,33,60,.550,.526,8,10,.800,13,65,78,26,9,3,13,36,128,brownst02
Troy Brown,SF,19,WAS,17,0,119,15,41,.366,3,9,.333,12,32,.375,.402,9,12,.750,4,19,23,16,6,1,5,9,42,browntr01
Jalen Brunson,PG,22,DAL,30,9,502,75,167,.449,14,51,.275,61,116,.526,.491,22,36,.611,9,36,45,56,18,0,23,42,186,brunsja01
Thomas Bryant,C,21,WAS,27,21,453,88,134,.657,6,24,.250,82,110,.745,.679,36,43,.837,32,96,128,25,9,20,16,33,218,bryanth01
Reggie Bullock,SG,27,DET,27,27,804,106,258,.411,63,161,.391,43,97,.443,.533,37,42,.881,11,55,66,60,16,3,33,47,312,bullore01
Trey Burke,PG,26,NYK,25,5,493,103,253,.407,24,67,.358,79,186,.425,.455,44,54,.815,15,40,55,72,16,2,24,21,274,burketr01
Alec Burks,SG,27,TOT,34,9,758,114,296,.385,36,103,.350,78,193,.404,.446,70,86,.814,13,105,118,69,20,12,39,49,334,burksal01
Alec Burks,SG,27,UTA,17,0,269,47,114,.412,16,43,.372,31,71,.437,.482,33,38,.868,2,25,27,20,6,4,15,22,143,burksal01
Alec Burks,SG,27,CLE,17,9,489,67,182,.368,20,60,.333,47,122,.385,.423,37,48,.771,11,80,91,49,14,8,24,27,191,burksal01
Deonte Burton,SG,25,OKC,15,0,131,20,46,.435,4,13,.308,16,33,.485,.478,5,6,.833,1,15,16,5,3,5,7,17,49,burtode02
Jimmy Butler,SG,29,TOT,31,31,1026,209,449,.465,43,112,.384,166,337,.493,.513,130,154,.844,51,99,150,111,63,21,45,56,591,butleji01
Jimmy Butler,SG,29,MIN,10,10,361,74,157,.471,17,45,.378,57,112,.509,.525,48,61,.787,16,36,52,43,24,10,14,18,213,butleji01
Jimmy Butler,SG,29,PHI,21,21,665,135,292,.462,26,67,.388,109,225,.484,.507,82,93,.882,35,63,98,68,39,11,31,38,378,butleji01
Jose Calderon,PG,37,DET,29,0,407,28,87,.322,6,42,.143,22,45,.489,.356,5,7,.714,7,35,42,77,12,3,21,41,67,caldejo01
Kentavious Caldwell-Pope,SG,25,LAL,37,3,832,115,271,.424,57,157,.363,58,114,.509,.530,63,70,.900,17,76,93,33,29,5,20,58,350,caldwke01
Isaiah Canaan,PG,27,PHO,19,15,503,51,129,.395,25,72,.347,26,57,.456,.492,15,20,.750,5,44,49,62,12,0,29,46,142,canaais01
Clint Capela,C,24,HOU,36,36,1218,266,418,.636,0,0,,266,418,.636,.636,80,137,.584,177,273,450,51,20,70,59,103,612,capelca01
DeMarre Carroll,SF,32,BRK,27,0,637,78,210,.371,37,116,.319,41,94,.436,.460,63,79,.797,25,107,132,26,10,3,31,39,256,carrode01
Jevon Carter,PG,23,MEM,5,0,68,7,20,.350,2,10,.200,5,10,.500,.400,0,0,,0,5,5,5,3,1,4,10,16,carteje01
Vince Carter,SF,42,ATL,33,8,589,88,214,.411,51,138,.370,37,76,.487,.530,20,26,.769,14,80,94,34,22,11,22,59,247,cartevi01
Wendell Carter,C,19,CHI,37,37,927,157,320,.491,5,27,.185,152,293,.519,.498,76,97,.784,73,187,260,68,19,54,58,131,395,cartewe01
Michael Carter-Williams,PG,27,HOU,16,1,145,25,61,.410,7,19,.368,18,42,.429,.467,12,26,.462,3,10,13,21,9,6,10,27,69,cartemi01
Alex Caruso,SG,24,LAL,2,0,5,0,0,,0,0,,0,0,,,0,0,,1,0,1,0,0,0,0,2,0,carusal01
Omri Casspi,SF,30,MEM,25,0,312,51,92,.554,9,27,.333,42,65,.646,.603,27,42,.643,8,69,77,21,9,6,13,22,138,casspom01
Willie Cauley-Stein,C,25,SAC,37,37,1063,220,415,.530,1,1,1.000,219,414,.529,.531,65,123,.528,85,235,320,92,43,23,46,110,506,caulewi01
Troy Caupain,PG,23,ORL,1,0,5,2,3,.667,1,1,1.000,1,2,.500,.833,0,0,,0,1,1,2,1,0,0,0,5,caupatr01
Tyson Chandler,C,36,TOT,33,2,614,44,74,.595,0,1,.000,44,73,.603,.595,35,57,.614,69,161,230,26,17,16,31,82,123,chandty01
Tyson Chandler,C,36,PHO,7,0,89,8,12,.667,0,0,,8,12,.667,.667,10,18,.556,7,32,39,6,2,1,7,21,26,chandty01
Tyson Chandler,C,36,LAL,26,2,525,36,62,.581,0,1,.000,36,61,.590,.581,25,39,.641,62,129,191,20,15,15,24,61,97,chandty01
Wilson Chandler,PF,31,PHI,25,21,643,63,142,.444,28,74,.378,35,68,.515,.542,8,12,.667,33,87,120,48,10,11,28,67,162,chandwi01
Marquese Chriss,PF,21,HOU,10,0,57,8,22,.364,1,10,.100,7,12,.583,.386,2,3,.667,3,8,11,3,1,2,5,9,19,chrisma01
Gary Clark,PF,24,HOU,25,0,394,26,85,.306,22,78,.282,4,7,.571,.435,6,6,1.000,14,56,70,11,11,17,2,30,80,clarkga01
Ian Clark,SG,27,NOP,27,0,384,40,114,.351,16,55,.291,24,59,.407,.421,11,12,.917,5,36,41,36,6,3,21,40,107,clarkia01
Jordan Clarkson,SG,26,CLE,36,0,958,242,535,.452,63,187,.337,179,348,.514,.511,68,79,.861,40,86,126,81,23,5,60,58,615,clarkjo01
John Collins,PF,21,ATL,20,18,596,155,269,.576,12,46,.261,143,223,.641,.599,52,74,.703,77,131,208,50,1,10,45,64,374,collijo01
Zach Collins,C,21,POR,38,0,716,100,209,.478,19,65,.292,81,144,.563,.524,50,62,.806,50,111,161,35,13,32,44,94,269,colliza01
Darren Collison,PG,31,IND,37,37,1029,127,282,.450,34,91,.374,93,191,.487,.511,55,71,.775,18,91,109,207,53,6,55,71,343,collida01
Mike Conley,PG,31,MEM,35,35,1198,242,578,.419,76,222,.342,166,356,.466,.484,156,185,.843,21,101,122,227,45,16,61,61,716,conlemi01
Pat Connaughton,SG,26,MIL,25,1,461,57,138,.413,24,84,.286,33,54,.611,.500,14,20,.700,23,71,94,48,13,15,10,28,152,connapa01
Quinn Cook,PG,25,GSW,33,8,519,99,212,.467,41,93,.441,58,119,.487,.564,13,17,.765,10,66,76,57,12,2,28,48,252,cookqu01
Robert Covington,SF,28,TOT,35,35,1203,156,362,.431,85,225,.378,71,137,.518,.548,68,89,.764,28,165,193,46,74,47,47,126,465,covinro01
Robert Covington,SF,28,PHI,13,13,440,50,117,.427,30,77,.390,20,40,.500,.556,17,23,.739,7,60,67,14,24,23,22,45,147,covinro01
Robert Covington,SF,28,MIN,22,22,763,106,245,.433,55,148,.372,51,97,.526,.545,51,66,.773,21,105,126,32,50,24,25,81,318,covinro01
Allen Crabbe,SG,26,BRK,28,15,732,85,248,.343,65,168,.387,20,80,.250,.474,30,38,.789,13,84,97,30,17,8,32,68,265,crabbal01
Torrey Craig,SF,28,DEN,30,24,620,65,155,.419,22,78,.282,43,77,.558,.490,16,26,.615,41,70,111,25,13,16,24,75,168,craigto01
Jamal Crawford,SG,38,PHO,33,0,571,72,208,.346,24,87,.276,48,121,.397,.404,42,51,.824,5,35,40,109,12,7,49,40,210,crawfja01
Jae Crowder,SF,28,UTA,37,6,1008,151,358,.422,79,226,.350,72,132,.545,.532,79,106,.745,25,150,175,56,25,15,36,74,460,crowdja01
Dante Cunningham,PF,31,SAS,35,21,672,53,112,.473,25,50,.500,28,62,.452,.585,10,12,.833,38,110,148,36,20,12,17,56,141,cunnida01
Seth Curry,SG,28,POR,32,1,542,64,150,.427,42,82,.512,22,68,.324,.567,7,7,1.000,8,33,41,29,10,2,22,42,177,curryse01
Stephen Curry,PG,30,GSW,27,27,932,256,526,.487,133,294,.452,123,232,.530,.613,130,142,.915,18,122,140,143,37,10,81,69,775,curryst01
Troy Daniels,SG,27,PHO,16,0,230,35,82,.427,25,62,.403,10,20,.500,.579,7,8,.875,5,16,21,8,10,1,13,23,102,danietr01
Anthony Davis,C,25,NOP,33,33,1225,341,673,.507,32,99,.323,309,574,.538,.530,228,284,.803,109,319,428,147,57,87,70,83,942,davisan02
Ed Davis,C,29,BRK,37,1,664,88,145,.607,0,2,.000,88,143,.615,.607,32,58,.552,114,192,306,28,18,14,28,104,208,davised01
Tyler Davis,C,21,OKC,1,0,1,0,1,.000,0,0,,0,1,.000,.000,0,0,,1,0,1,0,0,0,0,0,0,davisty01
Dewayne Dedmon,C,29,ATL,28,17,677,99,210,.471,27,75,.360,72,135,.533,.536,41,49,.837,42,171,213,34,32,28,39,94,266,dedmode01
Sam Dekker,SF-PF,24,TOT,19,5,324,59,111,.532,7,24,.292,52,87,.598,.563,9,12,.750,17,47,64,17,21,3,10,21,134,dekkesa01
Sam Dekker,PF,24,CLE,9,5,169,22,48,.458,5,13,.385,17,35,.486,.510,8,10,.800,9,24,33,9,11,0,5,13,57,dekkesa01
Sam Dekker,SF,24,WAS,10,0,155,37,63,.587,2,11,.182,35,52,.673,.603,1,2,.500,8,23,31,8,10,3,5,8,77,dekkesa01
Matthew Dellavedova,PG,28,TOT,22,0,292,40,86,.465,21,48,.438,19,38,.500,.587,14,15,.933,0,27,27,68,6,0,30,29,115,dellama01
Matthew Dellavedova,PG,28,MIL,12,0,97,6,19,.316,4,11,.364,2,8,.250,.421,4,4,1.000,0,10,10,29,2,0,11,9,20,dellama01
Matthew Dellavedova,PG,28,CLE,10,0,195,34,67,.507,17,37,.459,17,30,.567,.634,10,11,.909,0,17,17,39,4,0,19,20,95,dellama01
Luol Deng,SF,33,MIN,4,0,32,5,13,.385,0,5,.000,5,8,.625,.385,2,3,.667,6,6,12,1,3,1,2,3,12,denglu01
DeMar DeRozan,SG,29,SAS,38,38,1336,331,694,.477,7,40,.175,324,654,.495,.482,200,239,.837,27,196,223,239,38,18,90,83,869,derozde01
Marcus Derrickson,SF,22,GSW,5,0,22,2,7,.286,1,3,.333,1,4,.250,.357,2,2,1.000,1,2,3,0,0,0,2,5,7,derrima01
Cheick Diallo,PF,22,NOP,27,0,262,37,65,.569,0,1,.000,37,64,.578,.569,17,22,.773,24,75,99,9,11,13,18,35,91,diallch01
Hamidou Diallo,SG,20,OKC,30,2,380,64,128,.500,4,20,.200,60,108,.556,.516,29,45,.644,28,44,72,12,15,9,18,54,161,diallha01
Gorgui Dieng,C,29,MIN,37,0,506,83,169,.491,7,27,.259,76,142,.535,.512,41,48,.854,32,116,148,28,19,23,29,71,214,dienggo01
Spencer Dinwiddie,PG,25,BRK,38,4,1100,219,470,.466,79,212,.373,140,258,.543,.550,149,191,.780,18,79,97,200,23,10,85,107,666,dinwisp01
Donte DiVincenzo,SG,22,MIL,23,0,358,42,107,.393,17,69,.246,25,38,.658,.472,9,11,.818,13,43,56,27,12,6,18,34,110,divindo01
Luka Doncic,PF,19,DAL,35,35,1127,223,511,.436,82,219,.374,141,292,.483,.517,157,206,.762,38,188,226,176,38,10,121,67,685,doncilu01
Tyler Dorsey,SG,22,ATL,17,0,176,24,67,.358,5,25,.200,19,42,.452,.396,13,22,.591,7,26,33,14,4,0,8,13,66,dorsety01
Damyean Dotson,SG,24,NYK,29,9,728,113,254,.445,40,109,.367,73,145,.503,.524,21,30,.700,22,88,110,30,26,4,21,54,287,dotsoda01
PJ Dozier,PG,22,BOS,2,0,8,3,6,.500,1,2,.500,2,4,.500,.583,0,0,,2,2,4,0,0,0,0,1,7,doziepj01
Goran Dragic,PG,32,MIA,14,14,408,77,188,.410,22,70,.314,55,118,.466,.468,38,50,.760,8,35,43,68,10,4,35,30,214,dragigo01
Andre Drummond,C,25,DET,35,35,1150,254,503,.505,4,25,.160,250,478,.523,.509,94,180,.522,193,333,526,43,51,65,86,122,606,drumman01
Jared Dudley,PF,33,BRK,38,20,842,70,171,.409,35,109,.321,35,62,.565,.512,22,35,.629,25,84,109,60,25,11,31,97,197,dudleja01
Kris Dunn,PG,24,CHI,11,9,330,63,134,.470,4,16,.250,59,118,.500,.485,18,23,.783,1,54,55,68,13,3,28,45,148,dunnkr01
Kevin Durant,PF,30,GSW,38,38,1357,373,737,.506,69,187,.369,304,550,.553,.553,269,295,.912,19,267,286,234,32,38,131,74,1084,duranke01
Vince Edwards,SF,22,HOU,1,0,4,1,2,.500,1,2,.500,0,0,,.750,0,0,,1,0,1,0,0,0,0,0,3,edwarvi01
Henry Ellenson,PF,22,DET,2,0,25,4,10,.400,2,4,.500,2,6,.333,.500,2,2,1.000,0,9,9,1,0,0,0,2,12,ellenhe01
Wayne Ellington,SG,31,MIA,20,10,453,54,151,.358,46,126,.365,8,25,.320,.510,11,13,.846,6,36,42,27,21,3,13,34,165,ellinwa01
Joel Embiid,C,24,PHI,36,36,1219,318,657,.484,41,141,.291,277,516,.537,.515,278,349,.797,85,399,484,127,18,68,125,122,955,embiijo01
James Ennis,SF,28,HOU,23,22,579,67,137,.489,29,80,.363,38,57,.667,.595,22,31,.710,22,41,63,14,21,10,14,75,185,ennisja01
Drew Eubanks,PF,21,SAS,8,0,35,9,11,.818,0,0,,9,11,.818,.818,4,6,.667,1,8,9,1,1,0,2,3,22,eubandr01
Jacob Evans,SG,21,GSW,20,0,86,5,22,.227,1,6,.167,4,16,.250,.250,0,1,.000,1,6,7,11,1,1,4,12,11,evansja02
Jawun Evans,PG,22,PHO,4,0,46,2,10,.200,0,2,.000,2,8,.250,.200,0,0,,1,9,10,8,2,0,4,6,4,evansja01
Tyreke Evans,SG,29,IND,33,11,698,121,320,.378,43,117,.368,78,203,.384,.445,60,79,.759,21,74,95,81,40,10,64,61,345,evansty01
Dante Exum,PG,23,UTA,37,1,609,96,225,.427,17,57,.298,79,168,.470,.464,64,82,.780,14,46,60,95,14,5,42,61,273,exumda01
Kenneth Faried,PF,29,BRK,10,0,77,19,28,.679,0,1,.000,19,27,.704,.679,8,14,.571,9,18,27,1,1,2,5,7,46,farieke01
Derrick Favors,C,27,UTA,37,32,854,166,276,.601,11,38,.289,155,238,.651,.621,71,114,.623,108,155,263,39,27,46,44,88,414,favorde01
Cristiano Felicio,C,26,CHI,23,0,256,29,52,.558,0,1,.000,29,51,.569,.558,14,19,.737,22,55,77,13,3,2,13,23,72,feliccr01
Raymond Felton,PG,34,OKC,15,0,166,28,76,.368,6,30,.200,22,46,.478,.408,8,9,.889,3,18,21,27,6,4,11,13,70,feltora01
Terrance Ferguson,SG,20,OKC,29,29,600,49,126,.389,22,73,.301,27,53,.509,.476,11,16,.688,15,32,47,19,14,6,16,80,131,fergute01
Yogi Ferrell,SG,25,SAC,27,2,341,55,125,.440,16,48,.333,39,77,.506,.504,24,26,.923,2,33,35,43,9,3,11,17,150,ferreyo01
Dorian Finney-Smith,SF,25,DAL,36,11,909,101,221,.457,39,109,.358,62,112,.554,.545,43,62,.694,58,96,154,24,35,19,29,94,284,finnedo01
Bryn Forbes,PG,25,SAS,38,38,1047,176,379,.464,79,188,.420,97,191,.508,.569,32,38,.842,8,88,96,91,23,2,46,89,463,forbebr01
Evan Fournier,SG,26,ORL,35,35,1061,199,468,.425,72,217,.332,127,251,.506,.502,54,71,.761,16,96,112,128,31,8,75,100,524,fournev01
De'Aaron Fox,PG,21,SAC,37,37,1188,241,515,.468,43,111,.387,198,404,.490,.510,145,201,.721,21,112,133,279,63,21,113,93,670,foxde01
Melvin Frazier,SG,22,ORL,3,0,16,0,3,.000,0,1,.000,0,2,.000,.000,0,0,,0,1,1,0,1,0,1,3,0,frazime01
Tim Frazier,PG,28,NOP,29,17,585,53,119,.445,21,52,.404,32,67,.478,.534,17,22,.773,22,63,85,133,17,2,38,62,144,fraziti01
Channing Frye,C,35,CLE,16,4,143,18,51,.353,14,37,.378,4,14,.286,.490,3,3,1.000,2,25,27,3,3,2,8,17,53,fryech01
Markelle Fultz,SG,20,PHI,19,15,427,65,155,.419,4,14,.286,61,141,.433,.432,21,37,.568,26,44,70,59,17,5,25,52,155,fultzma01
Danilo Gallinari,SF,30,LAC,36,36,1132,212,464,.457,86,187,.460,126,277,.455,.550,196,213,.920,36,190,226,85,24,11,48,75,706,gallida01
Langston Galloway,SG,27,DET,34,1,811,106,276,.384,57,174,.328,49,102,.480,.487,36,45,.800,24,64,88,41,16,3,15,65,305,gallola01
Marc Gasol,C,34,MEM,36,36,1246,205,462,.444,57,152,.375,148,310,.477,.505,114,148,.770,38,271,309,161,51,51,78,98,581,gasolma01
Pau Gasol,C,38,SAS,10,0,163,22,43,.512,4,7,.571,18,36,.500,.558,13,18,.722,11,49,60,30,1,9,7,17,61,gasolpa01
Rudy Gay,SF,32,SAS,33,30,888,180,350,.514,37,90,.411,143,260,.550,.567,56,66,.848,33,182,215,79,28,21,49,86,453,gayru01
Paul George,SF,28,OKC,35,35,1237,317,705,.450,117,304,.385,200,401,.499,.533,174,208,.837,54,233,287,144,78,22,98,103,925,georgpa01
Taj Gibson,PF,33,MIN,36,36,922,155,280,.554,11,26,.423,144,254,.567,.573,60,86,.698,96,145,241,48,31,20,34,90,381,gibsota01
Harry Giles,PF,20,SAC,24,0,246,56,118,.475,0,3,.000,56,115,.487,.475,15,27,.556,23,47,70,26,17,5,25,53,127,gilesha01
Shai Gilgeous-Alexander,PG,20,LAC,37,28,989,146,299,.488,21,55,.382,125,244,.512,.523,67,83,.807,29,78,107,103,36,22,63,74,380,gilgesh01
Rudy Gobert,C,26,UTA,38,38,1180,217,329,.660,0,0,,217,329,.660,.660,138,216,.639,138,333,471,73,34,76,56,104,572,goberru01
Brandon Goodwin,PG,23,DEN,4,0,15,2,5,.400,2,2,1.000,0,3,.000,.600,4,4,1.000,0,0,0,6,0,0,0,4,10,goodwbr01
Aaron Gordon,PF,23,ORL,34,34,1127,199,442,.450,55,146,.377,144,296,.486,.512,67,97,.691,61,197,258,110,28,25,62,84,520,gordoaa01
Eric Gordon,SG,30,HOU,32,18,1061,178,467,.381,82,271,.303,96,196,.490,.469,63,81,.778,13,65,78,69,16,14,48,69,501,gordoer01
Marcin Gortat,C,34,LAC,30,28,499,57,115,.496,0,0,,57,115,.496,.496,29,37,.784,39,128,167,48,6,16,34,62,143,gortama01
Devonte' Graham,PG,23,CHO,16,0,170,23,54,.426,7,25,.280,16,29,.552,.491,6,6,1.000,0,17,17,33,10,0,8,11,59,grahade01
Treveon Graham,SG,25,BRK,2,0,27,0,3,.000,0,2,.000,0,1,.000,.000,0,0,,1,3,4,1,1,0,2,5,0,grahatr01
Jerami Grant,PF,24,OKC,36,33,1117,171,325,.526,39,108,.361,132,217,.608,.586,66,99,.667,35,138,173,33,32,46,32,89,447,grantje01
Jerian Grant,PG,26,ORL,36,1,672,58,148,.392,23,70,.329,35,78,.449,.470,15,24,.625,14,51,65,114,33,3,40,59,154,grantje02
Danny Green,SG,31,TOR,38,38,1120,133,304,.438,82,201,.408,51,103,.495,.572,14,15,.933,39,120,159,49,33,31,43,94,362,greenda02
Draymond Green,PF,28,GSW,24,24,753,69,170,.406,14,57,.246,55,113,.487,.447,22,29,.759,22,166,188,159,42,20,71,80,174,greendr01
Gerald Green,SG,33,HOU,32,0,606,88,217,.406,62,175,.354,26,42,.619,.548,15,18,.833,15,68,83,13,11,7,22,58,253,greenge01
JaMychal Green,PF,28,MEM,24,2,554,96,191,.503,20,51,.392,76,140,.543,.555,35,44,.795,45,109,154,19,22,18,39,69,247,greenja01
Jeff Green,PF,32,WAS,35,12,922,136,279,.487,40,114,.351,96,165,.582,.559,74,82,.902,40,129,169,53,21,18,40,72,386,greenje02
Blake Griffin,PF,29,DET,34,34,1213,282,605,.466,79,215,.367,203,390,.521,.531,200,268,.746,46,249,295,174,23,17,133,97,843,griffbl01
Daniel Hamilton,SG,23,ATL,8,1,63,7,20,.350,2,8,.250,5,12,.417,.400,1,2,.500,2,8,10,8,1,0,3,4,17,hamilda02
Tim Hardaway,SG,26,NYK,35,35,1169,232,588,.395,94,268,.351,138,320,.431,.474,163,191,.853,19,96,115,101,34,5,73,87,721,hardati02
James Harden,SG,29,HOU,33,33,1217,318,720,.442,152,393,.387,166,327,.508,.547,310,365,.849,24,167,191,276,69,17,182,112,1098,hardeja01
Maurice Harkless,SF,25,POR,24,17,528,60,129,.465,15,46,.326,45,83,.542,.523,13,20,.650,22,76,98,17,22,22,15,67,148,harklma01
Montrezl Harrell,C,25,LAC,37,0,931,227,357,.636,1,3,.333,226,354,.638,.637,125,205,.610,90,156,246,59,34,53,50,104,580,harremo01
Devin Harris,PG,35,DAL,26,0,405,54,136,.397,22,77,.286,32,59,.542,.478,42,52,.808,3,44,47,32,21,6,18,43,172,harride01
Gary Harris,SG,24,DEN,22,21,698,131,302,.434,36,111,.324,95,191,.497,.493,57,71,.803,16,54,70,62,25,9,26,50,355,harriga01
Joe Harris,SG,27,BRK,35,35,1046,170,334,.509,86,178,.483,84,156,.538,.638,44,53,.830,24,98,122,83,20,6,49,98,470,harrijo01
Tobias Harris,PF,26,LAC,37,37,1264,290,576,.503,72,171,.421,218,405,.538,.566,125,141,.887,27,274,301,81,25,13,70,76,777,harrito02
Andrew Harrison,SG-PG,24,TOT,17,0,187,16,53,.302,5,25,.200,11,28,.393,.349,17,18,.944,6,14,20,24,4,2,12,34,54,harrian01
Andrew Harrison,PG,24,MEM,1,0,5,1,2,.500,0,1,.000,1,1,1.000,.500,0,0,,0,0,0,0,0,0,0,1,2,harrian01
Andrew Harrison,SG,24,CLE,10,0,144,12,39,.308,3,14,.214,9,25,.360,.346,16,16,1.000,4,11,15,17,4,2,10,26,43,harrian01
Andrew Harrison,SG,24,NOP,6,0,38,3,12,.250,2,10,.200,1,2,.500,.333,1,2,.500,2,3,5,7,0,0,2,7,9,harrian01
Shaquille Harrison,PG,25,CHI,28,0,485,61,145,.421,9,36,.250,52,109,.477,.452,32,54,.593,9,67,76,44,37,9,20,42,163,harrish01
Josh Hart,SG,23,LAL,37,13,973,125,283,.442,66,171,.386,59,112,.527,.558,34,51,.667,18,104,122,46,41,23,32,80,350,hartjo01
Isaiah Hartenstein,PF,20,HOU,22,0,178,17,34,.500,2,5,.400,15,29,.517,.529,11,14,.786,17,18,35,11,4,9,12,45,47,harteis01
Udonis Haslem,C,38,MIA,3,0,14,2,6,.333,0,2,.000,2,4,.500,.333,0,0,,1,4,5,0,0,0,2,3,4,hasleud01
Gordon Hayward,SF,28,BOS,32,16,849,114,287,.397,38,122,.311,76,165,.461,.463,64,72,.889,28,130,158,111,34,8,42,42,330,haywago01
John Henson,C,28,MIL,14,0,188,31,67,.463,11,31,.355,20,36,.556,.545,6,10,.600,16,55,71,14,7,11,12,16,79,hensojo01
Juan Hernangomez,PF,23,DEN,34,23,945,114,235,.485,58,134,.433,56,101,.554,.609,60,75,.800,53,141,194,33,17,16,27,61,346,hernaju01
Willy Hernangomez,C,24,CHO,28,1,365,73,142,.514,12,25,.480,61,117,.521,.556,50,68,.735,56,82,138,24,9,11,27,47,208,hernawi01
Mario Hezonja,SF,23,NYK,32,11,552,87,227,.383,24,82,.293,63,145,.434,.436,24,38,.632,10,89,99,30,21,3,36,52,222,hezonma01
Buddy Hield,SG,25,SAC,37,37,1161,277,594,.466,115,268,.429,162,326,.497,.563,68,80,.850,43,146,189,86,19,15,74,92,737,hieldbu01
Nene Hilario,C,36,HOU,14,0,198,24,47,.511,0,2,.000,24,45,.533,.511,11,14,.786,12,40,52,10,5,5,4,33,59,hilarne01
George Hill,PG,32,TOT,24,13,576,77,163,.472,20,54,.370,57,109,.523,.534,25,34,.735,20,36,56,61,19,3,23,57,199,hillge01
George Hill,PG,32,CLE,13,13,344,55,107,.514,13,28,.464,42,79,.532,.575,17,20,.850,12,15,27,36,12,1,20,35,140,hillge01
George Hill,PG,32,MIL,11,0,232,22,56,.393,7,26,.269,15,30,.500,.455,8,14,.571,8,21,29,25,7,2,3,22,59,hillge01
Solomon Hill,SF,27,NOP,26,10,575,40,101,.396,18,57,.316,22,44,.500,.485,12,19,.632,26,65,91,34,16,7,20,46,110,hillso01
Aaron Holiday,PG,22,IND,21,0,260,47,112,.420,14,55,.255,33,57,.579,.482,19,22,.864,2,36,38,33,11,8,16,30,127,holidaa01
Jrue Holiday,SG,28,NOP,38,38,1401,305,649,.470,61,194,.314,244,455,.536,.517,125,160,.781,45,127,172,329,62,30,142,103,796,holidjr01
Justin Holiday,SG,29,CHI,37,37,1298,150,387,.388,96,265,.362,54,122,.443,.512,41,46,.891,19,146,165,84,67,21,47,77,437,holidju01
John Holland,SF,30,CLE,1,0,1,0,0,,0,0,,0,0,,,0,0,,0,0,0,0,0,0,0,0,0,hollajo02
Rondae Hollis-Jefferson,SF,24,BRK,34,19,816,123,304,.405,8,33,.242,115,271,.424,.418,83,126,.659,46,150,196,65,28,18,42,68,337,holliro01
Richaun Holmes,C,25,PHO,36,1,554,110,165,.667,0,0,,110,165,.667,.667,45,65,.692,60,102,162,22,20,40,30,90,265,holmeri01
Rodney Hood,SG,26,CLE,32,32,901,150,338,.444,40,109,.367,110,229,.480,.503,72,81,.889,12,66,78,66,27,3,27,77,412,hoodro01
Al Horford,C,32,BOS,27,27,782,135,273,.495,35,97,.361,100,176,.568,.559,24,34,.706,43,126,169,95,20,40,42,51,329,horfoal01
Danuel House,SF,25,HOU,18,5,408,48,102,.471,24,68,.353,24,34,.706,.588,30,40,.750,17,43,60,14,9,5,12,33,150,houseda01
Dwight Howard,C,33,WAS,9,9,230,43,69,.623,0,0,,43,69,.623,.623,29,48,.604,24,59,83,4,7,4,16,34,115,howardw01
Kevin Huerter,SG,20,ATL,35,19,864,101,243,.416,54,135,.400,47,108,.435,.527,19,26,.731,28,76,104,80,26,15,49,69,275,huertke01
Chandler Hutchison,SF,22,CHI,32,3,550,54,119,.454,9,29,.310,45,90,.500,.492,16,29,.552,21,92,113,22,15,4,18,37,133,hutchch01
Serge Ibaka,C,29,TOR,35,26,981,231,434,.532,26,90,.289,205,344,.596,.562,70,87,.805,71,186,257,53,18,50,61,109,558,ibakase01
Andre Iguodala,SF,35,GSW,33,11,755,64,140,.457,25,67,.373,39,73,.534,.546,22,34,.647,25,88,113,99,24,26,27,47,175,iguodan01
Ersan Ilyasova,PF,31,MIL,24,2,477,64,149,.430,23,64,.359,41,85,.482,.507,28,32,.875,38,93,131,28,13,6,21,68,179,ilyaser01
Joe Ingles,SF,31,UTA,38,38,1180,162,370,.438,78,210,.371,84,160,.525,.543,42,66,.636,10,136,146,179,61,6,82,91,444,inglejo01
Brandon Ingram,SG,21,LAL,26,26,819,158,333,.474,16,51,.314,142,282,.504,.498,84,135,.622,19,91,110,61,17,18,60,70,416,ingrabr01
Kyrie Irving,PG,26,BOS,34,34,1099,298,611,.488,91,223,.408,207,388,.534,.562,99,116,.853,43,125,168,225,55,15,88,79,786,irvinky01
Jonathan Isaac,SF,21,ORL,30,19,728,86,208,.413,21,73,.288,65,135,.481,.464,54,64,.844,32,117,149,27,23,34,33,66,247,isaacjo01
Wesley Iwundu,SF,24,ORL,26,12,435,40,106,.377,9,29,.310,31,77,.403,.420,30,37,.811,11,37,48,21,9,5,17,44,119,iwundwe01
Demetrius Jackson,PG,24,PHI,5,0,26,5,12,.417,0,4,.000,5,8,.625,.417,4,4,1.000,2,1,3,4,2,0,1,1,14,jacksde01
Frank Jackson,PG,20,NOP,23,0,277,36,90,.400,14,38,.368,22,52,.423,.478,13,18,.722,2,16,18,13,3,0,15,33,99,jacksfr01
Jaren Jackson,C,19,MEM,36,34,903,177,347,.510,29,87,.333,148,260,.569,.552,82,108,.759,41,125,166,43,34,60,56,136,465,jacksja02
Josh Jackson,SG,21,PHO,38,9,818,127,329,.386,25,86,.291,102,243,.420,.424,50,79,.633,24,121,145,81,36,21,88,89,329,jacksjo02
Justin Jackson,SF,23,SAC,36,3,762,89,204,.436,38,109,.349,51,95,.537,.529,28,35,.800,18,83,101,46,16,7,14,45,244,jacksju01
Reggie Jackson,PG,28,DET,35,35,989,176,438,.402,68,201,.338,108,237,.456,.479,110,127,.866,24,69,93,153,23,4,70,104,530,jacksre01
LeBron James,PF,34,LAL,34,34,1178,340,656,.518,68,191,.356,272,465,.585,.570,180,264,.682,32,251,283,243,44,24,116,54,928,jamesle01
Amile Jefferson,PF,25,ORL,1,0,4,0,1,.000,0,0,,0,1,.000,.000,2,2,1.000,1,0,1,0,0,0,0,1,2,jeffeam01
Jonas Jerebko,PF,31,GSW,38,6,779,104,220,.473,45,123,.366,59,97,.608,.575,41,49,.837,47,146,193,66,15,9,32,93,294,jerebjo01
Alize Johnson,PF,22,IND,4,0,12,1,3,.333,0,0,,1,3,.333,.333,0,2,.000,0,4,4,0,0,1,0,3,2,johnsal02
Amir Johnson,C,31,PHI,33,2,309,46,88,.523,7,20,.350,39,68,.574,.563,19,25,.760,22,59,81,38,9,7,30,64,118,johnsam01
James Johnson,PF,31,MIA,19,17,390,59,139,.424,15,51,.294,44,88,.500,.478,17,24,.708,9,54,63,45,13,6,20,41,150,johnsja01
Stanley Johnson,SF,22,DET,30,7,654,100,256,.391,37,133,.278,63,123,.512,.463,26,34,.765,21,98,119,38,29,7,45,65,263,johnsst04
Tyler Johnson,PG,26,MIA,28,4,713,114,257,.444,49,122,.402,65,135,.481,.539,47,67,.701,11,71,82,66,24,15,40,52,324,johnsty01
Wesley Johnson,SF,31,NOP,24,13,370,33,82,.402,19,48,.396,14,34,.412,.518,5,6,.833,10,44,54,16,10,7,12,44,90,johnswe01
Nikola Jokic,C,23,DEN,35,35,1088,234,473,.495,36,115,.313,198,358,.553,.533,126,150,.840,91,255,346,267,51,25,112,103,630,jokicni01
Damian Jones,C,23,GSW,24,22,410,53,74,.716,0,0,,53,74,.716,.716,24,37,.649,31,44,75,28,12,25,16,63,130,jonesda03
Derrick Jones,SF,21,MIA,25,5,428,62,130,.477,10,32,.313,52,98,.531,.515,30,49,.612,50,60,110,12,18,19,16,52,164,jonesde02
Jalen Jones,SF,25,CLE,10,0,104,11,28,.393,4,11,.364,7,17,.412,.464,9,13,.692,8,16,24,4,3,1,2,14,35,jonesja04
Tyus Jones,PG,22,MIN,36,5,712,71,184,.386,18,60,.300,53,124,.427,.435,22,27,.815,11,50,61,130,46,2,19,33,182,jonesty01
DeAndre Jordan,C,30,DAL,36,36,1130,147,230,.639,0,0,,147,230,.639,.639,105,149,.705,110,400,510,76,25,37,86,89,399,jordade01
Cory Joseph,PG,27,IND,37,0,953,113,248,.456,31,82,.378,82,166,.494,.518,12,20,.600,15,120,135,141,48,9,46,61,269,josepco01
Frank Kaminsky,PF,25,CHO,21,0,238,42,84,.500,13,37,.351,29,47,.617,.577,21,31,.677,13,36,49,21,4,5,16,25,118,kaminfr01
Enes Kanter,C,26,NYK,38,23,1005,222,409,.543,6,18,.333,216,391,.552,.550,96,114,.842,150,254,404,74,17,14,69,94,546,kanteen01
Luke Kennard,SG,22,DET,17,8,324,47,111,.423,19,54,.352,28,57,.491,.509,3,4,.750,4,41,45,21,5,3,15,22,116,kennalu01
Michael Kidd-Gilchrist,PF,25,CHO,29,1,566,89,183,.486,6,17,.353,83,166,.500,.503,45,57,.789,56,92,148,28,14,29,23,79,229,kiddgmi01
George King,SF,25,PHO,1,0,6,0,0,,0,0,,0,0,,,0,0,,0,1,1,0,0,0,0,0,0,kingge03
Maxi Kleber,PF,27,DAL,32,3,582,71,166,.428,27,96,.281,44,70,.629,.509,26,34,.765,35,85,120,25,14,41,19,47,195,klebima01
Brandon Knight,PG,27,HOU,7,0,62,3,23,.130,2,18,.111,1,5,.200,.174,1,2,.500,1,3,4,3,1,0,2,8,9,knighbr03
Kevin Knox,PF,19,NYK,31,13,815,135,358,.377,52,145,.359,83,213,.390,.450,55,83,.663,28,104,132,28,16,11,37,68,377,knoxke01
Furkan Korkmaz,SG,21,PHI,30,2,437,65,166,.392,30,95,.316,35,71,.493,.482,19,23,.826,9,62,71,31,22,2,13,38,179,korkmfu01
Luke Kornet,PF,23,NYK,16,3,195,33,72,.458,25,52,.481,8,20,.400,.632,8,9,.889,9,28,37,20,4,7,7,11,99,kornelu01
Kyle Korver,SG-PF,37,TOT,32,0,545,85,191,.445,58,137,.423,27,54,.500,.597,22,28,.786,2,52,54,30,11,6,26,46,250,korveky01
Kyle Korver,PF,37,CLE,16,0,251,35,76,.461,25,54,.463,10,22,.455,.625,13,16,.813,0,29,29,17,3,2,17,22,108,korveky01
Kyle Korver,SG,37,UTA,16,0,294,50,115,.435,33,83,.398,17,32,.531,.578,9,12,.750,2,23,25,13,8,4,9,24,142,korveky01
Kosta Koufos,C,29,SAC,23,1,320,42,89,.472,0,0,,42,89,.472,.472,3,9,.333,35,82,117,24,12,10,15,45,87,koufoko01
Rodions Kurucs,SF,20,BRK,21,9,403,67,138,.486,15,51,.294,52,87,.598,.540,33,37,.892,20,61,81,13,11,7,22,46,182,kurucro01
Kyle Kuzma,SF,23,LAL,37,35,1224,264,557,.474,67,220,.305,197,337,.585,.534,97,125,.776,25,195,220,92,21,18,70,85,692,kuzmaky01
Skal Labissiere,PF,22,SAC,10,0,94,11,26,.423,3,10,.300,8,16,.500,.481,6,11,.545,2,17,19,4,2,2,6,19,31,labissk01
Jeremy Lamb,SG,26,CHO,36,36,1053,199,444,.448,49,141,.348,150,303,.495,.503,102,119,.857,30,171,201,71,39,9,31,74,549,lambje01
Zach LaVine,SG,23,CHI,31,30,1076,256,570,.449,53,158,.335,203,412,.493,.496,165,190,.868,12,129,141,141,30,15,115,70,730,lavinza01
Jake Layman,SF,24,POR,27,20,382,53,107,.495,19,54,.352,34,53,.642,.584,9,15,.600,18,43,61,9,15,8,16,29,134,laymaja01
T.J. Leaf,PF,21,IND,18,0,122,17,43,.395,3,12,.250,14,31,.452,.430,3,4,.750,10,19,29,5,2,2,5,10,40,leaftj01
Courtney Lee,SG,33,NYK,10,2,149,20,45,.444,5,15,.333,15,30,.500,.500,8,12,.667,6,18,24,14,8,2,4,13,53,leeco01
Damion Lee,SG,26,GSW,16,0,195,27,58,.466,13,31,.419,14,27,.519,.578,11,13,.846,3,26,29,3,8,0,8,19,78,leeda03
Alex Len,C,25,ATL,32,20,639,124,256,.484,18,58,.310,106,198,.535,.520,59,88,.670,65,104,169,32,10,30,50,92,325,lenal01
Kawhi Leonard,SF,27,TOR,30,30,1045,286,576,.497,52,144,.361,234,432,.542,.542,195,228,.855,39,208,247,85,49,16,61,46,819,leonaka01
Meyers Leonard,C,26,POR,35,0,485,69,138,.500,28,66,.424,41,72,.569,.601,29,34,.853,32,114,146,38,9,4,25,55,195,leoname01
Jon Leuer,PF,29,DET,21,1,224,40,64,.625,0,7,.000,40,57,.702,.625,13,17,.765,15,36,51,9,6,3,12,29,93,leuerjo01
Caris LeVert,SF,24,BRK,14,14,416,97,204,.475,19,61,.311,78,143,.545,.522,44,61,.721,14,46,60,52,17,5,30,34,257,leverca01
Damian Lillard,PG,28,POR,38,38,1347,335,741,.452,117,297,.394,218,444,.491,.531,229,256,.895,30,151,181,219,35,19,104,69,1016,lillada01
Jeremy Lin,PG,30,ATL,32,0,595,110,226,.487,33,84,.393,77,142,.542,.560,83,101,.822,10,69,79,103,24,5,59,64,336,linje01
Shaun Livingston,PG,33,GSW,28,0,458,52,116,.448,0,2,.000,52,114,.456,.448,22,30,.733,23,39,62,62,17,16,20,34,126,livinsh01
Zach Lofton,SG,26,DET,1,0,4,0,1,.000,0,1,.000,0,0,,.000,0,0,,0,0,0,0,1,0,1,0,0,loftoza01
Kevon Looney,C,22,GSW,38,15,781,107,169,.633,1,7,.143,106,162,.654,.636,31,52,.596,92,115,207,67,14,27,27,108,246,looneke01
Brook Lopez,C,30,MIL,36,36,998,157,364,.431,95,255,.373,62,109,.569,.562,43,52,.827,15,128,143,38,18,68,35,74,452,lopezbr01
Robin Lopez,C,30,CHI,30,0,516,78,155,.503,3,13,.231,75,142,.528,.513,21,30,.700,34,44,78,32,4,29,45,56,180,lopezro01
Kevin Love,PF,30,CLE,4,4,136,21,65,.323,7,24,.292,14,41,.341,.377,27,33,.818,10,44,54,14,1,1,10,14,76,loveke01
Kyle Lowry,PG,32,TOR,30,30,1023,149,344,.433,64,197,.325,85,147,.578,.526,71,84,.845,14,120,134,294,41,14,82,67,433,lowryky01
Jordan Loyd,PG,25,TOR,3,0,17,3,3,1.000,2,2,1.000,1,1,1.000,1.333,4,4,1.000,1,4,5,1,0,0,1,2,12,loydjo01
Timothe Luwawu-Cabarrot,SF,23,OKC,17,1,117,13,41,.317,5,21,.238,8,20,.400,.378,4,6,.667,4,13,17,4,4,1,5,14,35,luwawti01
Tyler Lydon,PF,22,DEN,11,0,41,6,8,.750,3,4,.750,3,4,.750,.938,1,2,.500,4,5,9,2,1,0,1,4,16,lydonty01
Trey Lyles,PF,23,DEN,35,1,689,123,299,.411,28,116,.241,95,183,.519,.458,56,81,.691,29,128,157,48,20,18,50,61,330,lylestr01
Shelvin Mack,PG,28,MEM,36,2,858,105,250,.420,34,86,.395,71,164,.433,.488,40,58,.690,12,57,69,109,35,3,42,54,284,macksh01
Daryl Macon,SG,23,DAL,1,0,1,0,0,,0,0,,0,0,,,0,0,,0,0,0,0,0,0,0,0,0,maconda01
Ian Mahinmi,C,32,WAS,19,6,265,20,46,.435,1,8,.125,19,38,.500,.446,33,48,.688,25,38,63,11,10,8,11,49,74,mahinia01
Thon Maker,C,21,MIL,28,0,346,48,110,.436,23,69,.333,25,41,.610,.541,18,34,.529,13,67,80,14,7,17,9,46,137,makerth01
Boban Marjanovic,C,30,LAC,29,9,316,73,119,.613,0,1,.000,73,118,.619,.613,61,78,.782,44,81,125,19,8,17,33,48,207,marjabo01
Lauri Markkanen,PF,21,CHI,14,13,428,88,208,.423,37,94,.394,51,114,.447,.512,28,34,.824,16,89,105,15,14,10,24,36,241,markkla01
Jarell Martin,PF,24,ORL,22,1,183,20,56,.357,4,22,.182,16,34,.471,.393,6,7,.857,7,33,40,11,2,5,7,25,50,martija01
Frank Mason,PG,24,SAC,27,0,357,50,126,.397,9,44,.205,41,82,.500,.433,31,44,.705,4,32,36,76,14,4,27,23,140,masonfr01
Wesley Matthews,SG,32,DAL,30,30,923,140,339,.413,71,182,.390,69,157,.439,.518,70,88,.795,16,57,73,71,28,6,41,77,421,matthwe02
Luc Mbah a Moute,PF,32,LAC,4,0,61,8,18,.444,2,6,.333,6,12,.500,.500,2,5,.400,2,5,7,2,1,1,2,8,20,mbahalu01
CJ McCollum,SG,27,POR,37,37,1266,308,670,.460,70,213,.329,238,457,.521,.512,94,114,.825,33,105,138,94,31,15,61,98,780,mccolcj01
T.J. McConnell,PG,26,PHI,32,0,640,92,163,.564,7,21,.333,85,142,.599,.586,14,16,.875,10,56,66,108,35,9,43,54,205,mccontj01
Doug McDermott,SF,27,IND,37,0,656,92,192,.479,45,111,.405,47,81,.580,.596,31,37,.838,7,43,50,29,10,4,17,54,260,mcderdo01
JaVale McGee,C,31,LAL,30,30,706,156,251,.622,1,4,.250,155,247,.628,.624,38,57,.667,76,129,205,25,24,75,48,75,351,mcgeeja01
Rodney McGruder,SG,27,MIA,34,34,1016,135,315,.429,56,143,.392,79,172,.459,.517,36,46,.783,33,116,149,82,25,4,46,80,362,mcgruro01
Alfonzo McKinnie,SF,26,GSW,29,0,422,62,134,.463,20,54,.370,42,80,.525,.537,12,23,.522,38,71,109,12,6,6,12,59,156,mckinal01
Ben McLemore,SG,25,SAC,13,0,104,13,41,.317,10,27,.370,3,14,.214,.439,4,6,.667,2,9,11,4,3,2,2,15,40,mclembe01
Jordan McRae,SG,27,WAS,7,0,32,2,11,.182,0,3,.000,2,8,.250,.182,0,0,,1,4,5,2,1,1,0,0,4,mcraejo01
Salah Mejri,C,32,DAL,12,0,74,12,17,.706,0,2,.000,12,15,.800,.706,5,6,.833,6,18,24,6,2,1,3,12,29,mejrisa01
De'Anthony Melton,PG,20,PHO,21,13,422,49,132,.371,18,55,.327,31,77,.403,.439,9,10,.900,9,44,53,59,31,6,33,52,125,meltode01
Chimezie Metu,PF,21,SAS,19,0,105,16,42,.381,0,2,.000,16,40,.400,.381,12,15,.800,8,18,26,11,5,2,10,8,44,metuch01
Khris Middleton,SF,27,MIL,34,34,1063,210,486,.432,88,235,.374,122,251,.486,.523,101,116,.871,17,181,198,136,39,3,79,87,609,middlkh01
C.J. Miles,SF,31,TOR,31,1,456,49,162,.302,29,107,.271,20,55,.364,.392,26,33,.788,8,45,53,19,10,7,18,46,153,milescj01
Darius Miller,SF,28,NOP,33,4,745,78,190,.411,57,149,.383,21,41,.512,.561,19,22,.864,7,43,50,56,21,9,25,76,232,milleda01
Patty Mills,PG,30,SAS,38,0,907,114,272,.419,63,161,.391,51,111,.459,.535,46,54,.852,11,81,92,103,22,8,43,56,337,millspa02
Paul Millsap,PF,33,DEN,27,25,706,132,267,.494,22,60,.367,110,207,.531,.536,76,109,.697,54,129,183,52,36,29,41,70,362,millspa01
Shake Milton,SG,22,PHI,8,0,44,9,18,.500,5,10,.500,4,8,.500,.639,2,2,1.000,3,3,6,6,3,1,0,6,25,miltosh01
Nikola Mirotic,PF,27,NOP,25,22,749,151,334,.452,63,181,.348,88,153,.575,.546,69,82,.841,40,191,231,26,19,16,31,59,434,mirotni01
Donovan Mitchell,SG,22,UTA,34,34,1100,255,627,.407,67,230,.291,188,397,.474,.460,106,134,.791,20,101,121,114,57,10,91,91,683,mitchdo01
Naz Mitrou-Long,SG,25,UTA,2,0,12,1,3,.333,1,3,.333,0,0,,.500,0,0,,0,0,0,1,0,0,2,3,3,mitrona01
Malik Monk,SG,20,CHO,33,0,634,121,308,.393,56,168,.333,65,140,.464,.484,55,61,.902,8,48,56,64,22,9,42,49,353,monkma01
Greg Monroe,C,28,TOR,22,2,235,43,92,.467,0,3,.000,43,89,.483,.467,16,25,.640,37,50,87,9,7,4,16,31,102,monrogr01
E'Twaun Moore,SF,29,NOP,35,26,1047,189,390,.485,51,121,.421,138,269,.513,.550,29,41,.707,27,59,86,76,25,7,40,91,458,mooreet01
Eric Moreland,PF,27,PHO,1,0,5,0,0,,0,0,,0,0,,,0,0,,0,3,3,0,0,0,0,1,0,moreler01
Jaylen Morris,SG,23,MIL,4,0,29,4,10,.400,1,3,.333,3,7,.429,.450,1,2,.500,0,5,5,4,2,0,1,1,10,morrija01
Marcus Morris,PF,29,BOS,33,16,908,183,365,.501,75,170,.441,108,195,.554,.604,70,79,.886,26,176,202,48,18,8,46,91,511,morrima03
Markieff Morris,PF,29,WAS,34,15,883,143,328,.436,48,144,.333,95,184,.516,.509,57,73,.781,41,133,174,60,25,20,47,117,391,morrima02
Monte Morris,PG,23,DEN,35,1,874,140,301,.465,41,93,.441,99,208,.476,.533,29,37,.784,15,80,95,147,36,2,26,44,350,morrimo01
Emmanuel Mudiay,PG,22,NYK,31,24,811,169,369,.458,34,105,.324,135,264,.511,.504,70,97,.722,18,72,90,122,25,12,60,59,442,mudiaem01
Jamal Murray,PG,21,DEN,35,34,1208,246,573,.429,58,179,.324,188,394,.477,.480,91,107,.850,32,126,158,173,32,16,87,69,641,murraja01
Dzanan Musa,SG,19,BRK,7,0,26,6,14,.429,0,6,.000,6,8,.750,.429,0,2,.000,1,2,3,1,2,0,3,1,12,musadz01
Mike Muscala,PF,27,PHI,31,3,709,75,196,.383,50,147,.340,25,49,.510,.510,48,59,.814,36,104,140,45,9,18,28,75,248,muscami01
Svi Mykhailiuk,SF,21,LAL,23,0,237,24,71,.338,17,47,.362,7,24,.292,.458,7,13,.538,5,12,17,19,8,0,14,14,72,mykhasv01
Abdel Nader,SF,25,OKC,18,1,115,19,40,.475,5,16,.313,14,24,.583,.538,4,4,1.000,3,20,23,3,3,1,7,13,47,naderab01
Larry Nance,C,26,CLE,35,14,914,126,235,.536,13,36,.361,113,199,.568,.564,57,79,.722,79,192,271,113,52,25,45,103,322,nancela02
Shabazz Napier,PG,27,BRK,27,0,402,69,167,.413,28,71,.394,41,96,.427,.497,53,63,.841,9,32,41,44,18,7,23,31,219,napiesh01
Raul Neto,PG,26,UTA,15,0,151,24,46,.522,6,18,.333,18,28,.643,.587,11,12,.917,2,18,20,30,6,0,14,14,65,netora01
Georges Niang,PF,25,UTA,25,0,168,28,63,.444,18,43,.419,10,20,.500,.587,8,9,.889,4,25,29,13,4,1,6,23,82,niangge01
Joakim Noah,C,33,MEM,11,0,146,19,40,.475,0,0,,19,40,.475,.475,12,21,.571,10,27,37,13,3,5,15,22,50,noahjo01
Nerlens Noel,C,24,OKC,35,1,487,71,122,.582,0,0,,71,122,.582,.582,32,44,.727,61,103,164,20,35,52,23,81,174,noelne01
Dirk Nowitzki,PF,40,DAL,8,0,73,12,30,.400,5,14,.357,7,16,.438,.483,6,6,1.000,0,11,11,2,0,2,3,9,35,nowitdi01
Frank Ntilikina,PG,20,NYK,34,14,739,80,229,.349,30,100,.300,50,129,.388,.415,21,26,.808,8,58,66,88,23,11,46,87,211,ntilila01
James Nunnally,SF,28,MIN,11,0,59,9,21,.429,5,13,.385,4,8,.500,.548,4,4,1.000,0,4,4,5,1,0,1,4,27,nunnaja01
Jusuf Nurkic,C,24,POR,38,38,1030,208,422,.493,3,23,.130,205,399,.514,.496,140,186,.753,136,262,398,113,43,51,89,123,559,nurkiju01
David Nwaba,SG,26,CLE,21,6,345,42,99,.424,9,35,.257,33,64,.516,.470,32,50,.640,10,48,58,15,13,7,9,35,125,nwabada01
Royce O'Neale,SF,25,UTA,38,3,605,60,132,.455,19,51,.373,41,81,.506,.527,12,18,.667,10,94,104,47,21,7,33,65,151,onealro01
Kyle O'Quinn,C,28,IND,17,0,112,21,44,.477,0,5,.000,21,39,.538,.477,6,6,1.000,12,29,41,20,3,9,8,20,48,oquinky01
Semi Ojeleye,PF,24,BOS,26,2,287,35,86,.407,15,51,.294,20,35,.571,.494,10,15,.667,12,33,45,6,4,1,9,21,95,ojelese01
Jahlil Okafor,C,23,NOP,20,3,160,36,67,.537,0,0,,36,67,.537,.537,15,19,.789,23,24,47,3,2,4,8,30,87,okafoja01
Elie Okobo,PG,21,PHO,21,4,394,52,136,.382,15,53,.283,37,83,.446,.438,14,16,.875,5,35,40,48,15,3,30,52,133,okoboel01
Josh Okogie,SG,20,MIN,29,7,555,65,175,.371,18,71,.254,47,104,.452,.423,40,57,.702,20,68,88,29,25,11,23,55,188,okogijo01
Victor Oladipo,SG,26,IND,26,26,849,187,435,.430,56,160,.350,131,275,.476,.494,80,109,.734,12,151,163,142,46,10,62,49,510,oladivi01
Kelly Olynyk,PF,27,MIA,34,5,711,104,234,.444,51,150,.340,53,84,.631,.553,74,93,.796,35,114,149,70,26,13,47,79,333,olynyke01
Cedi Osman,SF,23,CLE,35,34,1117,148,375,.395,49,163,.301,99,212,.467,.460,65,83,.783,21,158,179,76,21,7,56,86,410,osmande01
Kelly Oubre,SF,23,TOT,36,7,933,160,373,.429,51,160,.319,109,213,.512,.497,84,104,.808,26,127,153,27,32,27,39,89,455,oubreke01
Kelly Oubre,SF,23,WAS,29,7,755,132,305,.433,41,132,.311,91,173,.526,.500,68,85,.800,24,105,129,20,27,20,30,71,373,oubreke01
Kelly Oubre,SF,23,PHO,7,0,178,28,68,.412,10,28,.357,18,40,.450,.485,16,19,.842,2,22,24,7,5,7,9,18,82,oubreke01
Zaza Pachulia,C,34,DET,32,0,419,42,102,.412,0,3,.000,42,99,.424,.412,57,74,.770,57,85,142,47,22,8,24,70,141,pachuza01
Jabari Parker,PF,23,CHI,29,17,872,176,387,.455,27,92,.293,149,295,.505,.490,63,87,.724,34,166,200,66,18,10,76,67,442,parkeja01
Tony Parker,PG,36,CHO,32,0,611,123,277,.444,8,30,.267,115,247,.466,.458,55,80,.688,6,45,51,126,15,5,39,29,309,parketo01
Chandler Parsons,SF,30,MEM,3,3,46,7,17,.412,3,10,.300,4,7,.571,.500,0,0,,1,3,4,2,1,1,2,7,17,parsoch01
Patrick Patterson,PF,29,OKC,36,3,533,50,145,.345,28,91,.308,22,54,.407,.441,16,25,.640,25,64,89,19,12,9,13,30,144,pattepa01
Chris Paul,PG,33,HOU,26,26,862,137,330,.415,53,150,.353,84,180,.467,.495,78,96,.813,16,89,105,208,54,8,77,68,405,paulch01
Cameron Payne,PG,24,CHI,30,12,531,69,167,.413,16,59,.271,53,108,.491,.461,22,25,.880,10,42,52,82,20,6,34,48,176,payneca01
Elfrid Payton,PG,24,NOP,7,7,176,27,60,.450,4,10,.400,23,50,.460,.483,9,13,.692,7,25,32,38,6,1,16,18,67,paytoel01
Theo Pinson,SG,23,BRK,5,0,43,3,12,.250,0,6,.000,3,6,.500,.250,2,2,1.000,1,7,8,8,1,0,1,1,8,pinsoth01
Mason Plumlee,C,28,DEN,35,9,704,105,181,.580,1,3,.333,104,178,.584,.583,39,85,.459,79,131,210,79,39,31,57,111,250,plumlma01
Miles Plumlee,C,30,ATL,18,0,173,32,48,.667,0,0,,32,48,.667,.667,16,30,.533,16,23,39,17,6,4,10,14,80,plumlmi01
Jakob Poeltl,C,23,SAS,34,4,523,84,137,.613,0,0,,84,137,.613,.613,29,46,.630,76,97,173,41,6,24,25,49,197,poeltja01
Quincy Pondexter,SF,30,SAS,28,0,171,17,33,.515,5,13,.385,12,20,.600,.591,25,31,.806,5,26,31,14,8,1,8,17,64,pondequ01
Otto Porter,SF,25,WAS,25,25,737,116,238,.487,35,95,.368,81,143,.566,.561,25,32,.781,24,117,141,50,37,15,22,38,292,porteot01
Bobby Portis,PF,23,CHI,9,4,220,43,104,.413,6,24,.250,37,80,.463,.442,15,22,.682,13,59,72,11,4,7,13,24,107,portibo01
Dwight Powell,C,27,DAL,32,0,519,94,168,.560,8,48,.167,86,120,.717,.583,75,99,.758,40,89,129,29,15,18,31,93,271,poweldw01
Norman Powell,SG,25,TOR,17,2,291,40,85,.471,14,42,.333,26,43,.605,.553,10,13,.769,2,34,36,19,8,3,14,27,104,powelno01
Alex Poythress,PF,25,ATL,18,1,243,35,65,.538,7,18,.389,28,47,.596,.592,11,21,.524,24,35,59,13,3,8,10,39,88,poythal01
Zhou Qi,PF,23,HOU,1,0,1,1,1,1.000,0,0,,1,1,1.000,1.000,0,0,,0,0,0,0,0,0,0,0,2,qizh01
Ivan Rabb,PF,21,MEM,12,0,83,14,23,.609,0,2,.000,14,21,.667,.609,5,7,.714,12,21,33,9,1,2,10,16,33,rabbiv01
Chasson Randle,PG,25,WAS,7,0,102,14,31,.452,8,16,.500,6,15,.400,.581,13,16,.813,3,5,8,13,4,1,8,15,49,randlch01
Julius Randle,C,24,NOP,37,17,1075,275,508,.541,23,69,.333,252,439,.574,.564,164,231,.710,88,261,349,101,22,20,91,129,737,randlju01
J.J. Redick,SG,34,PHI,38,25,1168,232,527,.440,108,290,.372,124,237,.523,.543,113,124,.911,8,77,85,107,11,8,52,75,685,redicjj01
Davon Reed,SG,23,IND,4,0,10,0,1,.000,0,0,,0,1,.000,.000,0,0,,0,0,0,0,0,0,0,1,0,reedda01
Josh Richardson,SG,25,MIA,34,34,1192,215,531,.405,88,232,.379,127,299,.425,.488,106,124,.855,31,103,134,126,41,19,65,100,624,richajo01
Malachi Richardson,SG,23,TOR,19,0,95,8,26,.308,7,22,.318,1,4,.250,.442,4,5,.800,2,11,13,0,1,0,8,13,27,richama01
Austin Rivers,SG-PG,26,TOT,33,3,825,92,231,.398,41,128,.320,51,103,.495,.487,27,52,.519,12,71,83,70,20,11,41,87,252,riverau01
Austin Rivers,SG,26,WAS,29,2,683,76,194,.392,33,106,.311,43,88,.489,.477,25,46,.543,11,60,71,58,18,10,36,72,210,riverau01
Austin Rivers,PG,26,HOU,4,1,142,16,37,.432,8,22,.364,8,15,.533,.541,2,6,.333,1,11,12,12,2,1,5,15,42,riverau01
Devin Robinson,SF,23,WAS,2,0,18,4,7,.571,0,0,,4,7,.571,.571,2,3,.667,2,4,6,1,2,1,0,2,10,robinde01
Duncan Robinson,PF,24,MIA,4,0,29,2,6,.333,2,6,.333,0,0,,.500,0,0,,0,5,5,0,1,0,0,1,6,robindu01
Glenn Robinson,SF,25,DET,25,16,391,42,108,.389,11,37,.297,31,71,.437,.440,22,26,.846,8,29,37,12,10,5,13,25,117,robingl02
Jerome Robinson,SG,21,LAC,8,0,40,9,18,.500,5,9,.556,4,9,.444,.639,0,0,,0,3,3,1,0,0,1,6,23,robinje01
Mitchell Robinson,C,20,NYK,28,12,481,57,89,.640,0,0,,57,89,.640,.640,17,32,.531,59,50,109,18,19,51,16,89,131,robinmi01
Rajon Rondo,PG,32,LAL,14,2,341,50,111,.450,10,28,.357,40,83,.482,.495,8,13,.615,11,51,62,94,14,0,30,30,118,rondora01
Derrick Rose,PG,30,MIN,32,11,952,236,486,.486,49,106,.462,187,380,.492,.536,83,99,.838,21,70,91,154,22,9,57,40,604,rosede01
Terrence Ross,SG,27,ORL,36,0,925,180,418,.431,75,195,.385,105,223,.471,.520,41,50,.820,12,97,109,52,31,14,39,64,476,rosste01
Terry Rozier,PG,24,BOS,36,2,816,111,292,.380,52,144,.361,59,148,.399,.469,35,47,.745,17,125,142,94,29,10,29,55,309,roziete01
Ricky Rubio,PG,28,UTA,37,37,1109,165,422,.391,51,155,.329,114,267,.427,.451,89,106,.840,13,123,136,236,51,9,115,106,470,rubiori01
D'Angelo Russell,PG,22,BRK,37,37,1082,260,620,.419,88,248,.355,172,372,.462,.490,55,70,.786,18,121,139,226,42,11,108,63,663,russeda01
Domantas Sabonis,C,22,IND,35,1,866,203,324,.627,5,6,.833,198,318,.623,.634,101,136,.743,92,244,336,99,22,20,88,113,512,sabondo01
Dario Saric,PF,24,TOT,36,14,935,138,326,.423,52,155,.335,86,171,.503,.503,60,67,.896,52,162,214,62,18,6,49,83,388,saricda01
Dario Saric,PF,24,PHI,13,13,396,48,132,.364,21,70,.300,27,62,.435,.443,27,30,.900,21,65,86,26,4,3,25,39,144,saricda01
Dario Saric,PF,24,MIN,23,1,539,90,194,.464,31,85,.365,59,109,.541,.544,33,37,.892,31,97,128,36,14,3,24,44,244,saricda01
Tomas Satoransky,SG,27,WAS,37,11,762,86,174,.494,23,58,.397,63,116,.543,.560,46,54,.852,22,56,78,112,30,7,36,73,241,satorto01
Dennis Schroder,PG,25,OKC,35,10,1036,213,511,.417,47,149,.315,166,362,.459,.463,83,99,.838,17,117,134,158,36,7,97,83,556,schrode01
Mike Scott,PF,30,LAC,37,0,563,66,173,.382,36,100,.360,30,73,.411,.486,8,10,.800,19,115,134,34,15,6,20,63,176,scottmi01
Thabo Sefolosha,SF,34,UTA,24,0,269,27,52,.519,13,26,.500,14,26,.538,.644,6,12,.500,4,60,64,10,20,1,15,21,73,sefolth01
Wayne Selden,SG,24,MEM,31,0,449,63,159,.396,20,63,.317,43,96,.448,.459,21,27,.778,16,27,43,36,10,6,23,48,167,seldewa01
Collin Sexton,PG,20,CLE,37,27,1098,218,514,.424,26,72,.361,192,442,.434,.449,84,97,.866,24,89,113,100,18,3,81,95,546,sextoco01
Landry Shamet,SG,21,PHI,38,2,767,100,234,.427,65,166,.392,35,68,.515,.566,30,37,.811,10,44,54,35,16,6,18,72,295,shamela01
Iman Shumpert,SG,28,SAC,30,28,777,102,244,.418,58,149,.389,44,95,.463,.537,27,32,.844,12,77,89,59,40,11,24,72,289,shumpim01
Pascal Siakam,PF,24,TOR,38,37,1164,221,383,.577,28,79,.354,193,304,.635,.614,95,120,.792,56,193,249,102,38,25,64,112,565,siakapa01
Ben Simmons,PG,22,PHI,37,37,1222,239,416,.575,0,0,,239,416,.575,.575,112,193,.580,79,263,342,293,50,29,125,98,590,simmobe01
Jonathon Simmons,SG,29,ORL,32,7,671,86,232,.371,15,66,.227,71,166,.428,.403,49,59,.831,15,57,72,65,15,13,44,50,236,simmojo02
Anfernee Simons,SG,19,POR,6,0,44,5,18,.278,0,6,.000,5,12,.417,.278,1,4,.250,0,7,7,2,0,0,3,3,11,simonan01
Marcus Smart,SG,24,BOS,36,16,937,85,220,.386,42,130,.323,43,90,.478,.482,52,68,.765,28,73,101,145,67,13,51,94,264,smartma01
Dennis Smith,PG,21,DAL,24,24,674,117,263,.445,34,91,.374,83,172,.483,.510,44,65,.677,14,56,70,93,29,10,77,61,312,smithde03
Ish Smith,PG,30,DET,22,0,537,85,205,.415,25,76,.329,60,129,.465,.476,8,12,.667,1,41,42,66,10,6,25,53,203,smithis01
J.R. Smith,SG,33,CLE,11,4,222,27,79,.342,12,39,.308,15,40,.375,.418,8,10,.800,0,18,18,21,11,3,11,19,74,smithjr01
Jason Smith,C-PF,32,TOT,14,1,139,15,41,.366,4,11,.364,11,30,.367,.415,10,12,.833,14,29,43,12,1,5,8,22,44,smithja02
Jason Smith,C,32,WAS,12,1,130,15,37,.405,4,10,.400,11,27,.407,.459,10,12,.833,11,26,37,12,1,5,7,21,44,smithja02
Jason Smith,PF,32,MIL,2,0,9,0,4,.000,0,1,.000,0,3,.000,.000,0,0,,3,3,6,0,0,0,1,1,0,smithja02
Tony Snell,SG,27,MIL,36,4,636,83,182,.456,44,113,.389,39,69,.565,.577,26,29,.897,13,61,74,27,13,8,13,43,236,snellto01
Ray Spalding,PF,21,DAL,1,0,1,0,0,,0,0,,0,0,,,0,0,,0,0,0,0,0,0,0,0,0,spaldra01
Omari Spellman,PF,21,ATL,23,8,407,50,129,.388,20,62,.323,30,67,.448,.465,23,30,.767,42,57,99,23,17,13,15,34,143,spellom01
Nik Stauskas,SG,25,POR,38,0,603,84,203,.414,38,111,.342,46,92,.500,.507,30,33,.909,10,59,69,55,12,4,38,29,236,stausni01
D.J. Stephens,SG,28,MEM,1,0,7,1,2,.500,0,0,,1,2,.500,.500,0,0,,0,0,0,0,1,0,1,0,2,stephdj01
Lance Stephenson,SG,28,LAL,36,0,526,107,235,.455,39,97,.402,68,138,.493,.538,19,25,.760,18,89,107,63,23,3,44,55,272,stephla01
Edmond Sumner,PG,23,IND,7,0,28,2,7,.286,1,3,.333,1,4,.250,.357,0,2,.000,2,1,3,1,1,0,3,4,5,sumneed01
Caleb Swanigan,PF,21,POR,16,0,134,12,38,.316,1,4,.250,11,34,.324,.329,6,7,.857,13,37,50,7,4,0,15,18,31,swanica01
Jayson Tatum,SF,20,BOS,36,36,1127,215,474,.454,61,163,.374,154,311,.495,.518,93,110,.845,40,197,237,63,40,25,57,81,584,tatumja01
Jeff Teague,PG,30,MIN,23,23,724,86,224,.384,19,61,.311,67,163,.411,.426,76,88,.864,8,45,53,192,23,11,54,53,267,teaguje01
Garrett Temple,SG,32,MEM,36,36,1138,133,291,.457,57,152,.375,76,139,.547,.555,53,66,.803,12,101,113,47,41,16,38,104,376,templga01
Milos Teodosic,PG,31,LAC,15,0,150,17,40,.425,10,27,.370,7,13,.538,.550,4,7,.571,3,13,16,32,3,1,21,27,48,teodomi01
Jared Terrell,SG,23,MIN,1,0,21,1,8,.125,1,2,.500,0,6,.000,.188,1,2,.500,0,1,1,1,2,1,2,2,4,terreja01
Daniel Theis,C,26,BOS,26,2,402,68,128,.531,13,33,.394,55,95,.579,.582,26,38,.684,39,60,99,26,7,13,19,78,175,theisda01
Khyri Thomas,SG,22,DET,7,0,50,6,16,.375,4,9,.444,2,7,.286,.500,6,9,.667,2,7,9,3,1,0,2,4,22,thomakh01
Lance Thomas,PF,30,NYK,16,5,242,20,55,.364,5,22,.227,15,33,.455,.409,11,13,.846,7,30,37,8,11,3,10,35,56,thomala01
Klay Thompson,SG,28,GSW,38,38,1309,311,708,.439,95,276,.344,216,432,.500,.506,81,100,.810,16,144,160,77,44,25,65,78,798,thompkl01
Tristan Thompson,C,27,CLE,27,27,819,141,256,.551,0,0,,141,256,.551,.551,41,67,.612,135,179,314,57,22,11,40,62,323,thomptr01
Sindarius Thornwell,SG,24,LAC,22,0,128,10,23,.435,1,7,.143,9,16,.563,.457,8,9,.889,1,22,23,9,3,2,10,24,29,thornsi01
Anthony Tolliver,PF,33,MIN,22,0,301,29,69,.420,23,60,.383,6,9,.667,.587,11,16,.688,7,36,43,14,7,8,12,33,92,tollian01
Karl-Anthony Towns,C,23,MIN,37,37,1248,288,590,.488,66,170,.388,222,420,.529,.544,161,194,.830,121,328,449,109,33,71,113,139,803,townska01
Gary Trent,SG,20,POR,3,0,20,4,13,.308,2,5,.400,2,8,.250,.385,0,2,.000,0,4,4,0,0,0,1,1,10,trentga02
Allonzo Trier,SG,23,NYK,31,3,705,113,256,.441,20,52,.385,93,204,.456,.480,82,103,.796,16,75,91,58,12,11,55,50,328,trieral01
P.J. Tucker,PF,33,HOU,36,36,1264,100,244,.410,68,175,.389,32,69,.464,.549,19,31,.613,53,182,235,38,42,12,31,111,287,tuckepj01
Evan Turner,PG,30,POR,37,1,909,122,265,.460,4,31,.129,118,234,.504,.468,34,50,.680,22,154,176,141,21,12,73,69,282,turneev01
Myles Turner,C,22,IND,36,36,1005,194,383,.507,25,67,.373,169,316,.535,.539,57,81,.704,53,208,261,65,16,103,59,96,470,turnemy01
Ekpe Udoh,C,31,UTA,24,0,138,22,26,.846,0,0,,22,26,.846,.846,5,10,.500,8,23,31,10,3,12,7,19,49,udohek01
Tyler Ulis,PG,23,CHI,1,0,1,0,0,,0,0,,0,0,,,0,0,,0,0,0,0,0,0,0,0,0,ulisty01
Jonas Valanciunas,C,26,TOR,30,10,564,149,259,.575,9,30,.300,140,229,.611,.593,77,94,.819,54,162,216,29,13,23,39,82,384,valanjo01
Fred VanVleet,PG,24,TOR,34,12,894,125,308,.406,55,151,.364,70,157,.446,.495,39,50,.780,14,71,85,149,32,8,43,54,344,vanvlfr01
Noah Vonleh,PF,23,NYK,38,31,1030,114,244,.467,31,78,.397,83,166,.500,.531,67,91,.736,74,257,331,82,27,37,51,104,326,vonleno01
Nikola Vucevic,C,28,ORL,35,35,1089,294,556,.529,40,106,.377,254,450,.564,.565,81,102,.794,91,324,415,128,35,39,71,70,709,vucevni01
Dwyane Wade,SG,37,MIA,27,0,688,141,342,.412,36,110,.327,105,232,.453,.465,64,91,.703,26,72,98,104,16,14,60,46,382,wadedw01
Moritz Wagner,C,21,LAL,10,0,58,11,28,.393,6,13,.462,5,15,.333,.500,3,6,.500,3,11,14,7,1,0,4,9,31,wagnemo01
Kemba Walker,PG,28,CHO,36,36,1249,320,720,.444,122,330,.370,198,390,.508,.529,168,204,.824,16,139,155,218,48,18,89,60,930,walkeke02
John Wall,PG,28,WAS,32,32,1104,245,552,.444,51,169,.302,194,383,.507,.490,122,175,.697,15,101,116,279,49,29,121,71,663,walljo01
Tyrone Wallace,PG,24,LAC,27,0,246,44,97,.454,0,8,.000,44,89,.494,.454,12,23,.522,10,27,37,13,12,4,12,32,100,wallaty01
Taurean Waller-Prince,SF,24,ATL,21,20,602,110,255,.431,51,139,.367,59,116,.509,.531,45,54,.833,6,77,83,48,24,7,54,62,316,princta02
Brad Wanamaker,PG,29,BOS,13,0,96,13,29,.448,4,11,.364,9,18,.500,.517,5,6,.833,0,11,11,18,3,0,8,4,35,wanambr01
T.J. Warren,SF,25,PHO,32,25,1004,231,461,.501,62,142,.437,169,319,.530,.568,78,94,.830,24,108,132,48,36,23,39,90,602,warretj01
Yuta Watanabe,SG,24,MEM,3,0,16,1,3,.333,0,1,.000,1,2,.500,.333,2,2,1.000,0,5,5,0,0,1,1,0,4,watanyu01
Thomas Welsh,C,22,DEN,8,0,25,5,10,.500,3,7,.429,2,3,.667,.650,0,0,,0,3,3,3,0,0,1,1,13,welshth01
Russell Westbrook,PG,30,OKC,28,28,968,230,540,.426,32,133,.241,198,407,.486,.456,95,153,.621,38,262,300,283,77,6,130,99,587,westbru01
Derrick White,PG,24,SAS,29,17,650,79,181,.436,15,50,.300,64,131,.489,.478,25,31,.806,11,75,86,102,29,11,42,48,198,whitede01
Okaro White,PF,26,WAS,3,0,6,0,2,.000,0,2,.000,0,0,,.000,0,0,,1,1,2,0,0,0,0,0,0,whiteok01
Hassan Whiteside,C,29,MIA,30,30,791,166,322,.516,2,13,.154,164,309,.531,.519,57,129,.442,117,268,385,26,18,78,50,92,391,whiteha01
Andrew Wiggins,SF,23,MIN,33,33,1112,201,506,.397,56,159,.352,145,347,.418,.453,90,124,.726,27,106,133,74,39,18,55,63,548,wiggian01
C.J. Williams,SG,28,MIN,6,0,53,5,14,.357,0,6,.000,5,8,.625,.357,0,0,,0,2,2,3,1,0,3,10,10,willicj01
Johnathan Williams,C,23,LAL,7,0,89,11,20,.550,0,0,,11,20,.550,.550,1,5,.200,11,10,21,4,1,4,2,20,23,willijo04
Kenrich Williams,SF,24,NOP,10,0,51,5,14,.357,1,3,.333,4,11,.364,.393,0,0,,2,8,10,0,1,0,2,11,11,willike04
Lou Williams,SG,32,LAC,33,0,832,193,459,.420,42,116,.362,151,343,.440,.466,174,193,.902,15,72,87,160,20,3,81,31,602,willilo02
Marvin Williams,PF,32,CHO,35,35,952,123,292,.421,65,172,.378,58,120,.483,.533,30,42,.714,29,169,198,38,29,25,19,79,341,willima02
Robert Williams,C,21,BOS,16,0,142,21,28,.750,0,0,,21,28,.750,.750,6,10,.600,17,27,44,2,3,25,7,15,48,williro04
Troy Williams,SF,24,SAC,18,0,286,40,87,.460,14,41,.341,26,46,.565,.540,9,15,.600,9,46,55,10,10,8,8,34,103,willitr02
D.J. Wilson,PF,22,MIL,10,0,182,23,50,.460,10,22,.455,13,28,.464,.560,7,13,.538,12,44,56,6,3,5,3,21,63,wilsodj01
Justise Winslow,PF,22,MIA,30,17,857,132,318,.415,40,108,.370,92,210,.438,.478,43,65,.662,30,129,159,110,35,9,65,76,347,winslju01
Christian Wood,PF,23,MIL,6,0,37,9,17,.529,2,4,.500,7,13,.538,.588,5,6,.833,4,12,16,2,0,0,2,2,25,woodch01
Delon Wright,PG,26,TOR,34,2,613,82,195,.421,22,67,.328,60,128,.469,.477,26,30,.867,26,58,84,69,26,9,28,32,212,wrighde01
Guerschon Yabusele,PF,23,BOS,19,0,111,12,33,.364,3,14,.214,9,19,.474,.409,9,12,.750,8,13,21,8,5,3,4,19,36,yabusgu01
Nick Young,SG,33,DEN,4,0,37,3,9,.333,3,8,.375,0,1,.000,.500,0,0,,0,1,1,2,0,1,2,4,9,youngni01
Thaddeus Young,PF,30,IND,37,37,1106,194,377,.515,13,51,.255,181,326,.555,.532,45,76,.592,78,135,213,60,57,18,42,84,446,youngth01
Trae Young,PG,20,ATL,36,36,1057,199,503,.396,50,182,.275,149,321,.464,.445,115,147,.782,24,80,104,266,30,10,145,58,563,youngtr01
Cody Zeller,C,26,CHO,35,35,857,129,231,.558,5,16,.313,124,215,.577,.569,64,76,.842,72,146,218,74,25,28,45,113,327,zelleco01
Ante Zizic,C,22,CLE,24,2,259,37,78,.474,0,0,,37,78,.474,.474,20,33,.606,28,53,81,13,2,7,21,32,94,zizican01
Ivica Zubac,C,21,LAL,16,5,210,39,69,.565,0,0,,39,69,.565,.565,12,13,.923,20,41,61,10,4,14,10,30,90,zubaciv01
